participant_id,avatar_type_raw,lsm_type_raw,MC1,AP1_1,AP1_2,AP1_3,AP1_4,AP1_5,AP1_6,AP1_7,AP1_8,AP1_9,AP1_10,AP1_11,MC2_1,MC2_2,MC2_3,MC2_4,MC3,MC4_1,MC4_2,MC4_3,MC5,CDV1_1,CDV1_2,CDV1_3,CDV1_4,CDV1_5,CDV1_6,CDV1_7,CDV1_8,CDV1_9,CDV1_10,CDV1_11,CDV1_12,CDV1_13,CDV1_14,CDV1_15,CDV1_16,CDV1_17,CDV1_18,CDV1_19,CDV1_20,CDV1_21,CDV1_22,CDV1_23,CDV1_24,CDV1_25,CDV1_26,CDV1_27,CDV1_28,WB1_1,WB1_2,WB2_1,WB2_2,WB2_3,WB2_4,Demo4,age_binned,gender_collapsed,race_ethnicity_collapsed
67bcdb18c5a07dca6589a461,none,adaptive,No avatar,4,4,2,3,2,4,3,5,5,5,2,,,,,,3,2,4,4.0,4,3,3,4,3,4,4,3,4,4,4,4,2,4,4,4,4,3,3,2,4,4,4,4,4,4,4,4,1,2,1,1,2,1,"Graduate or professional degree (e.g., Master's, PhD, JD, MD)",25-34,Man,Caucasian / White
665ba6320399db768cb43621,generated,static,I helped create the avatar by writing a text prompt.,4,4,2,1,1,4,4,4,5,4,4,2.0,3.0,2.0,3.0,,4,4,4,,2,4,4,2,3,4,4,4,4,4,4,5,2,5,4,4,4,2,4,2,4,4,4,4,5,4,4,4,1,1,2,1,1,1,"Some college, no degree",35-44,Man,Two or more races
67d75f1ff8a898b755874144,generated,static,I helped create the avatar by writing a text prompt.,5,5,1,1,1,4,4,5,5,5,5,5.0,5.0,5.0,5.0,,5,5,5,,5,5,5,5,5,5,5,5,5,5,5,5,5,5,5,5,4,4,5,4,5,5,5,5,5,5,5,5,3,3,2,2,2,2,"Graduate or professional degree (e.g., Master's, PhD, JD, MD)",35-44,Woman,Caucasian / White
67c35bed28161edad1829850,generated,adaptive,I helped create the avatar by writing a text prompt.,4,4,2,2,2,4,4,4,4,4,4,4.0,4.0,4.0,4.0,,5,4,4,,4,4,4,4,4,4,4,4,4,4,4,4,4,4,4,4,4,4,4,4,4,5,5,4,4,4,4,5,1,1,2,2,2,2,"Bachelor's degree (e.g., BA, BS)",65+,Man,Caucasian / White
5e646461698a071f2f15423e,premade,static,I chose an avatar from a list of existing options.,4,4,1,1,1,5,4,4,4,4,1,2.0,4.0,1.0,1.0,,5,5,5,,3,2,4,2,2,3,4,4,4,4,3,4,2,5,3,3,1,1,1,2,4,4,4,3,4,4,4,4,2,1,1,1,1,1,"Some college, no degree",55-64,Woman,Caucasian / White
673e2ad54a989f15bc638d5b,premade,adaptive,I chose an avatar from a list of existing options.,4,5,1,3,3,4,5,3,3,4,5,1.0,3.0,2.0,1.0,,3,2,5,,2,2,1,2,2,2,2,1,3,4,2,3,1,4,1,3,2,1,1,1,3,3,3,3,4,3,2,2,2,3,1,1,1,1,"Bachelor's degree (e.g., BA, BS)",35-44,Man,Caucasian / White
64014527b3cff9215591758d,generated,adaptive,I helped create the avatar by writing a text prompt.,4,5,4,2,2,4,1,3,4,4,2,4.0,4.0,4.0,4.0,,2,2,4,,4,3,4,2,2,3,2,4,4,4,5,4,4,5,4,5,4,3,4,4,4,4,4,4,4,4,4,4,4,5,4,4,3,3,"Some college, no degree",25-34,Man,Caucasian / White
65c017a404cde4687fdad22e,generated,adaptive,I helped create the avatar by writing a text prompt.,5,5,1,3,1,5,5,4,5,5,2,3.0,5.0,5.0,5.0,,5,5,5,,3,3,4,4,4,4,3,3,4,4,4,4,3,4,3,3,3,4,3,3,5,5,5,5,5,5,3,3,1,1,1,1,1,1,"Associate degree (e.g., AA, AS)",65+,Man,Caucasian / White
675cf75e3c237ff931f4a43e,premade,adaptive,I chose an avatar from a list of existing options.,4,4,1,3,1,5,4,4,4,4,3,3.0,3.0,3.0,2.0,,3,3,4,,3,3,2,2,2,3,3,3,3,3,3,3,2,3,3,3,2,2,3,2,3,3,3,3,3,3,2,2,2,2,1,1,1,1,"Graduate or professional degree (e.g., Master's, PhD, JD, MD)",55-64,Woman,Asian
665e2d0a6eba582f0b13ce9b,none,static,I don't recall,4,4,2,2,2,4,4,3,4,4,4,,,,,,4,4,4,2.0,4,4,4,3,4,4,4,4,4,4,4,4,3,4,4,3,3,4,4,2,4,4,4,4,4,4,4,4,1,1,1,1,1,1,"Associate degree (e.g., AA, AS)",35-44,Woman,Black or African American
6797d5ada6654ec99f741b08,none,static,No avatar,5,3,3,5,4,5,5,5,3,3,2,,,,,,4,4,4,4.0,4,4,4,3,4,4,4,5,4,4,4,4,5,4,5,4,4,3,4,2,4,4,4,4,4,4,5,5,5,2,4,3,4,4,"Associate degree (e.g., AA, AS)",18-24,Woman,Black or African American
6643b0fe98e091c70e7988e4,premade,static,I chose an avatar from a list of existing options.,4,2,2,5,2,2,1,5,4,5,1,2.0,4.0,1.0,1.0,,4,4,4,,4,4,4,3,4,4,4,3,3,4,4,4,2,4,2,2,2,2,2,4,4,4,4,2,4,4,2,2,3,2,4,4,4,4,High school diploma or GED,35-44,Man,Caucasian / White
67eda5fa0086307531f210ff,premade,static,I chose an avatar from a list of existing options.,5,4,5,5,5,5,5,4,5,4,5,5.0,5.0,5.0,5.0,,5,4,5,,5,4,5,5,5,4,5,5,5,5,5,4,5,4,5,5,5,5,4,5,4,5,4,5,5,4,5,5,5,5,4,4,4,4,"Bachelor's degree (e.g., BA, BS)",55-64,Man,Caucasian / White
67fdd9518421c21fced4f1c1,premade,adaptive,I chose an avatar from a list of existing options.,3,4,2,2,1,4,4,5,4,4,2,2.0,4.0,3.0,2.0,,3,2,4,,2,1,2,2,2,3,2,3,4,4,5,4,2,4,3,4,2,1,2,2,4,4,4,4,4,4,3,4,1,2,1,1,1,1,"Bachelor's degree (e.g., BA, BS)",45-54,Woman,Black or African American
60e8a63f733f423be3da1846,none,adaptive,No avatar,4,5,2,3,3,4,1,4,4,5,2,,,,,,4,5,5,3.0,5,5,5,5,4,5,5,5,5,5,5,5,3,5,5,5,4,5,5,1,5,5,5,5,5,5,5,5,4,5,2,3,4,4,"Some college, no degree",35-44,Woman,Caucasian / White
67ed9a4fd30cf704f5245138,generated,static,I helped create the avatar by writing a text prompt.,5,5,1,1,1,5,5,5,5,4,3,5.0,4.0,5.0,4.0,,4,4,4,,4,4,4,3,4,5,5,4,5,5,4,4,4,5,4,5,5,4,4,4,5,5,4,5,5,4,4,5,2,1,1,1,2,2,"Bachelor's degree (e.g., BA, BS)",25-34,Man,Caucasian / White
67a6f7c1713b2f8290259434,none,static,No avatar,5,5,1,2,1,4,4,4,4,4,3,,,,,,4,4,3,3.0,4,5,4,5,5,4,5,5,5,5,4,5,4,5,4,5,4,4,4,1,5,5,5,5,5,5,5,5,2,2,2,2,2,2,"Graduate or professional degree (e.g., Master's, PhD, JD, MD)",45-54,Woman,Caucasian / White
628fa5a9e4861ff79f633452,premade,static,I chose an avatar from a list of existing options.,3,4,3,3,3,3,3,3,3,4,3,4.0,4.0,3.0,3.0,,4,3,4,,4,4,3,3,4,4,3,2,3,4,3,3,2,4,2,4,3,3,3,4,4,4,4,3,4,5,4,4,3,2,1,1,2,1,"Graduate or professional degree (e.g., Master's, PhD, JD, MD)",35-44,Man,Asian
664c4e829445321c23a8de52,generated,static,I helped create the avatar by writing a text prompt.,5,5,1,1,1,5,5,2,5,5,4,4.0,5.0,5.0,4.0,,4,3,5,,5,4,5,3,3,4,5,5,5,5,4,5,3,5,5,5,5,3,4,3,5,5,5,5,5,5,5,5,5,2,2,2,1,1,"Some college, no degree",45-54,Man,Black or African American
6735170efd3f52b12d5a9018,generated,static,I helped create the avatar by writing a text prompt.,5,4,2,2,2,4,3,3,3,4,3,3.0,4.0,5.0,3.0,,5,4,4,,4,3,4,4,4,4,4,3,3,4,4,4,3,4,4,4,3,3,3,3,4,4,4,4,4,4,4,4,3,3,3,1,4,3,"Some college, no degree",35-44,Woman,Caucasian / White
677aefb67112f646f3fc77f6,generated,adaptive,I helped create the avatar by writing a text prompt.,4,5,2,1,2,4,3,4,4,5,4,4.0,5.0,4.0,4.0,,4,5,4,,4,5,4,4,4,5,4,4,5,5,4,4,5,4,4,5,5,4,4,4,5,5,4,4,5,5,4,5,2,1,1,1,1,1,"Graduate or professional degree (e.g., Master's, PhD, JD, MD)",25-34,Man,Caucasian / White
67d6838d9d907f59aef03ac5,premade,adaptive,I chose an avatar from a list of existing options.,4,5,2,1,1,5,5,3,5,4,2,4.0,5.0,1.0,4.0,,1,2,5,,3,4,3,2,2,2,4,4,4,4,4,5,4,4,5,4,4,4,4,4,4,4,4,4,3,3,4,4,2,1,2,2,2,2,"Bachelor's degree (e.g., BA, BS)",25-34,Woman,Black or African American
5bdde4b710eb730001207809,premade,static,I chose an avatar from a list of existing options.,4,4,3,3,3,5,2,2,3,4,4,3.0,4.0,4.0,4.0,,3,3,4,,2,2,2,2,3,3,4,4,4,4,4,4,3,4,3,4,4,2,2,4,4,4,4,4,4,4,4,4,5,4,3,3,3,3,"Graduate or professional degree (e.g., Master's, PhD, JD, MD)",35-44,Woman,Caucasian / White
67cafa97534132b573e4dd5c,none,static,No avatar,5,5,1,3,2,5,4,4,4,3,4,,,,,,5,5,5,3.0,4,4,4,4,4,4,4,5,5,5,5,5,5,4,4,4,4,3,4,4,5,5,3,5,5,5,5,5,2,2,3,1,2,1,"Bachelor's degree (e.g., BA, BS)",25-34,Man,Black or African American
63c3164c08ff110d63b44dc6,none,adaptive,No avatar,5,5,5,5,2,5,5,4,5,4,2,,,,,,5,5,5,1.0,5,4,5,5,5,5,5,5,5,5,5,5,5,5,5,5,5,5,5,5,5,5,5,5,5,5,5,5,2,2,1,1,1,1,"Bachelor's degree (e.g., BA, BS)",35-44,Man,Caucasian / White
59dc4083ae9f950001d83b4b,none,adaptive,No avatar,4,4,2,3,2,4,3,4,4,3,1,,,,,,3,4,4,3.0,3,2,2,2,2,3,4,3,3,3,4,4,3,4,3,3,3,2,2,3,3,3,4,3,4,3,3,3,3,3,3,3,3,2,"Graduate or professional degree (e.g., Master's, PhD, JD, MD)",45-54,Woman,Caucasian / White
66c0c02b7cacd27e8ab995c0,premade,static,I chose an avatar from a list of existing options.,4,4,3,3,3,3,4,4,5,5,2,3.0,4.0,2.0,2.0,,4,4,4,,4,4,4,3,4,4,4,3,4,4,3,4,3,3,2,3,3,3,3,4,3,3,4,4,4,4,3,4,3,3,2,1,1,1,"Associate degree (e.g., AA, AS)",35-44,Woman,Multiracial (Two or more races)
67104869a47a61b561900be7,none,static,No avatar,5,5,1,2,1,5,3,5,5,5,2,,,,,,4,4,4,3.0,3,3,4,3,4,5,4,3,5,5,4,4,3,4,4,4,3,2,2,3,4,4,4,3,4,4,3,3,2,2,1,1,1,1,"Some college, no degree",55-64,Man,Caucasian / White
67cf9811c88476a54b0367a7,premade,adaptive,I chose an avatar from a list of existing options.,5,5,1,1,1,5,2,5,4,4,1,5.0,5.0,4.0,4.0,,5,5,4,,5,4,5,5,5,5,5,4,4,4,5,5,5,5,5,5,5,5,5,4,5,5,5,5,5,5,5,5,3,3,2,1,2,2,"Bachelor's degree (e.g., BA, BS)",25-34,Man,Black or African American
561487ad7ffc8a0012812266,none,adaptive,No avatar,5,4,1,2,1,4,1,5,4,5,4,,,,,,4,5,5,3.0,2,3,4,4,3,5,4,5,4,5,3,4,2,5,4,3,4,3,1,3,5,5,4,5,5,4,3,3,3,3,2,3,1,2,"Bachelor's degree (e.g., BA, BS)",35-44,Woman,Caucasian / White
5f16f559325a640008bb9a07,none,static,No avatar,3,5,4,2,3,4,4,2,3,3,4,,,,,,4,4,4,3.0,5,5,3,4,3,5,4,4,4,3,4,5,4,3,4,4,4,3,3,4,3,3,4,4,4,5,4,5,4,3,2,3,3,2,"Bachelor's degree (e.g., BA, BS)",35-44,Man,Caucasian / White
66e12593ddd5a01785c4e288,none,adaptive,No avatar,5,5,2,2,1,4,4,5,5,5,4,,,,,,4,5,5,2.0,4,4,5,4,4,4,5,5,5,5,5,5,5,5,5,5,5,4,4,3,5,5,5,5,5,5,5,4,2,2,1,1,1,1,"Some college, no degree",18-24,Man,Two or more races
67ca186a24b457bfdaaf46cb,generated,adaptive,I helped create the avatar by writing a text prompt.,5,5,1,1,1,4,5,5,5,5,5,5.0,5.0,5.0,5.0,,5,5,5,,5,5,5,5,5,5,5,5,5,5,5,5,5,5,4,5,5,5,5,5,5,5,5,5,5,5,5,5,1,1,1,1,1,1,"Graduate or professional degree (e.g., Master's, PhD, JD, MD)",35-44,Man,Caucasian / White
5c309bb410677f0001dda0ed,none,static,No avatar,4,4,2,2,2,4,4,3,2,4,2,,,,,,4,4,4,4.0,3,3,2,4,3,4,4,3,3,4,3,3,3,4,4,4,4,4,4,2,3,2,2,2,2,3,2,3,3,4,4,4,2,2,"Graduate or professional degree (e.g., Master's, PhD, JD, MD)",45-54,Man,Caucasian / White
67f1f1d53b5c101545b04cfc,none,adaptive,No avatar,4,5,2,2,2,4,5,4,4,5,4,,,,,,5,5,4,2.0,5,4,5,4,5,5,5,5,4,5,5,5,4,5,5,4,5,5,4,4,5,4,5,5,5,4,5,5,2,1,1,1,1,1,"Graduate or professional degree (e.g., Master's, PhD, JD, MD)",35-44,Man,Black or African American
67a7f314ef8bbc1838b8821c,none,adaptive,No avatar,3,4,2,4,2,4,2,4,4,4,1,,,,,,3,2,4,3.0,3,2,2,2,2,2,2,1,2,3,3,3,2,4,2,4,2,2,2,3,3,3,3,3,4,3,2,2,3,3,4,4,4,4,High school diploma or GED,35-44,Woman,Caucasian / White
628f9cfbee6de7cc7322fecf,premade,static,I chose an avatar from a list of existing options.,5,5,1,1,1,4,3,4,5,5,4,4.0,4.0,5.0,2.0,,4,5,5,,4,4,5,4,4,4,5,5,5,5,4,5,5,5,5,5,4,4,5,4,5,5,5,5,5,5,4,5,2,2,2,1,1,1,"Bachelor's degree (e.g., BA, BS)",25-34,Man,Hispanic or Latino
673378009f99d14c232c1f2b,premade,static,I chose an avatar from a list of existing options.,4,4,2,2,2,4,4,5,4,4,3,2.0,4.0,2.0,2.0,,5,4,4,,4,4,4,3,4,4,3,3,4,4,3,4,3,5,3,4,4,4,4,2,5,5,4,4,4,5,4,4,3,2,2,1,1,1,"Graduate or professional degree (e.g., Master's, PhD, JD, MD)",35-44,Man,Caucasian / White
66edfd0393a07105ff1c86a2,generated,static,I helped create the avatar by writing a text prompt.,4,3,3,2,2,4,3,3,4,4,4,4.0,5.0,4.0,3.0,,4,4,4,,3,3,4,4,4,3,4,4,4,4,3,3,3,5,3,4,3,3,3,4,5,5,5,5,5,5,4,5,2,3,1,1,1,1,"Some college, no degree",45-54,Woman,Caucasian / White
5be8dab5d153f500019ab320,premade,static,I chose an avatar from a list of existing options.,4,4,2,2,2,5,4,5,4,4,3,3.0,3.0,3.0,4.0,,4,4,5,,5,5,5,5,5,5,5,5,5,5,5,5,4,5,5,5,5,5,5,5,5,5,5,5,5,5,5,5,3,3,1,1,1,1,"Some college, no degree",45-54,Man,Caucasian / White
67691aa7e341fc63fdc3e6a0,premade,static,I chose an avatar from a list of existing options.,4,3,4,4,5,4,4,5,4,5,4,4.0,3.0,4.0,4.0,,4,5,4,,4,5,4,5,4,5,4,5,4,4,5,4,4,4,5,4,4,5,4,5,4,4,5,4,4,5,4,4,4,3,3,2,3,3,High school diploma or GED,45-54,Man,Hispanic or Latino
673cfddc2603281edb50447e,generated,adaptive,I helped create the avatar by writing a text prompt.,4,4,3,3,3,3,2,3,4,3,1,2.0,5.0,5.0,1.0,,4,4,1,,1,4,1,3,4,3,4,1,2,3,1,3,2,4,3,4,3,4,3,4,5,5,5,2,4,3,3,3,2,2,1,1,2,1,"Bachelor's degree (e.g., BA, BS)",25-34,Man,Two or more races
6785438ea7bda2a64a129770,none,adaptive,No avatar,3,4,4,2,2,4,4,4,4,4,4,,,,,,4,4,4,2.0,4,2,4,3,4,4,4,3,4,4,4,4,2,4,4,4,4,4,4,4,4,4,4,4,4,4,4,4,3,3,1,1,1,1,"Bachelor's degree (e.g., BA, BS)",18-24,Woman,Caucasian / White
615dd5ed4fd5b2c64eee7e99,premade,adaptive,I chose an avatar from a list of existing options.,4,3,2,3,3,4,4,4,5,5,3,4.0,5.0,3.0,3.0,,5,4,5,,4,4,4,4,4,4,4,3,4,5,3,4,3,4,3,3,3,3,3,4,4,4,4,4,5,4,3,3,1,2,2,1,2,2,High school diploma or GED,25-34,Man,Caucasian / White
614de785b8b89e4aba599f03,none,static,No avatar,4,4,3,4,3,4,4,4,4,5,3,,,,,,3,2,3,2.0,2,2,2,2,3,2,2,2,2,3,2,2,1,3,2,2,2,2,2,2,3,2,2,1,3,3,1,2,1,1,1,1,2,1,"Bachelor's degree (e.g., BA, BS)",35-44,Woman,Caucasian / White
66083cd0a45e1ce399e6a85f,generated,adaptive,I helped create the avatar by writing a text prompt.,5,4,2,2,1,5,4,5,4,5,2,4.0,5.0,4.0,5.0,,4,5,4,,4,5,2,4,5,4,4,5,4,4,5,4,4,5,4,5,4,2,4,5,4,4,5,4,4,5,4,5,3,3,3,2,2,3,"Bachelor's degree (e.g., BA, BS)",45-54,Man,Caucasian / White
5d75c56a52c89d0017df611c,generated,static,I helped create the avatar by writing a text prompt.,5,5,1,1,1,5,5,5,5,5,4,5.0,5.0,5.0,4.0,,4,4,4,,4,4,4,4,4,4,4,5,5,5,5,5,4,5,5,5,4,4,4,4,5,5,5,5,5,5,5,5,1,1,1,1,1,1,"Bachelor's degree (e.g., BA, BS)",35-44,Woman,Black or African American
58ad0242ea3d11000170e9ea,none,adaptive,No avatar,4,4,3,4,3,3,3,4,5,3,3,,,,,,3,3,4,3.0,2,3,2,2,2,2,2,2,3,3,2,4,2,4,3,3,2,2,2,2,3,3,4,3,4,3,3,4,3,3,1,1,1,1,"Bachelor's degree (e.g., BA, BS)",25-34,Man,Caucasian / White
60fd6618f9a377f54dcdf318,premade,static,I chose an avatar from a list of existing options.,4,4,1,1,1,4,2,4,5,4,4,2.0,4.0,4.0,1.0,,4,4,4,,4,4,5,4,5,4,4,4,4,4,4,4,4,4,5,5,4,4,4,4,5,5,5,4,5,5,5,5,1,1,1,1,1,1,"Graduate or professional degree (e.g., Master's, PhD, JD, MD)",35-44,Man,Caucasian / White
630a8feaa8eef385f72dc1a5,generated,static,I helped create the avatar by writing a text prompt.,5,5,1,1,1,4,4,4,5,5,3,5.0,5.0,4.0,5.0,,4,5,5,,4,2,5,4,4,5,4,4,5,5,5,5,4,4,5,4,5,4,5,5,4,5,5,4,4,5,5,5,2,3,3,2,2,2,"Graduate or professional degree (e.g., Master's, PhD, JD, MD)",35-44,Man,Asian
6314c1e76c3f71e2127f1976,premade,static,I chose an avatar from a list of existing options.,4,4,1,4,1,4,4,4,5,5,4,5.0,5.0,4.0,5.0,,5,5,5,,4,4,4,4,4,4,4,3,4,4,5,5,3,5,4,5,4,2,4,4,5,4,5,5,5,5,5,5,2,1,1,1,1,1,High school diploma or GED,45-54,Man,Caucasian / White
66c76908f3f9290934eaed01,generated,static,I helped create the avatar by writing a text prompt.,4,4,4,3,2,4,4,4,3,5,2,4.0,5.0,5.0,4.0,,5,5,5,,5,5,5,5,5,5,5,4,5,5,5,5,4,5,5,5,5,4,5,4,5,5,5,5,5,5,5,5,3,4,2,2,2,2,"Some college, no degree",45-54,Woman,Black or African American
6778aa34a81ab2f07e0d4c25,none,adaptive,No avatar,4,3,3,3,3,4,4,4,4,1,1,,,,,,4,4,4,2.0,3,4,4,4,4,4,4,2,4,4,3,3,1,5,2,2,2,3,3,1,4,4,4,3,4,4,4,4,3,2,3,3,3,2,"Bachelor's degree (e.g., BA, BS)",45-54,Man,Two or more races
66982fb77c869332de7e5261,generated,adaptive,I helped create the avatar by writing a text prompt.,4,4,5,2,3,4,4,5,4,4,4,4.0,5.0,5.0,2.0,,3,4,4,,2,2,3,2,3,3,4,4,4,3,4,4,3,4,4,3,2,2,3,4,3,3,3,3,3,4,3,4,2,1,1,1,2,2,"Bachelor's degree (e.g., BA, BS)",45-54,Man,Multiracial (Two or more races)
674780197d2f877d208e64bf,none,adaptive,No avatar,5,5,1,1,1,5,5,5,5,5,5,,,,,,5,5,5,3.0,5,5,5,5,5,5,5,5,5,5,5,5,5,5,5,5,5,5,5,5,5,5,5,5,5,5,5,5,2,3,2,2,2,2,"Some college, no degree",45-54,Woman,Caucasian / White
67ca44c542a5ebd3baf7d5e1,generated,adaptive,I helped create the avatar by writing a text prompt.,5,5,2,2,2,4,4,4,4,4,4,4.0,4.0,4.0,4.0,,4,4,4,,4,4,4,4,4,4,4,4,4,4,4,4,4,4,4,4,4,4,4,4,4,4,4,4,4,4,4,4,2,2,1,1,1,1,"Bachelor's degree (e.g., BA, BS)",25-34,Woman,Multiracial (Two or more races)
6685cec5c360283099e5bb29,generated,adaptive,I helped create the avatar by writing a text prompt.,4,4,4,4,4,4,4,4,4,4,4,5.0,4.0,5.0,5.0,,4,3,4,,4,4,3,4,3,3,4,4,4,4,4,4,4,4,4,4,3,3,4,3,4,4,4,3,4,4,4,4,4,5,3,3,3,4,High school diploma or GED,45-54,Woman,Caucasian / White
614e0468bbbac16be38fa13f,generated,static,I helped create the avatar by writing a text prompt.,4,4,1,2,2,4,4,4,4,4,2,4.0,4.0,4.0,4.0,,4,4,4,,4,4,4,4,4,4,4,4,4,4,4,4,4,4,4,4,4,4,4,4,4,4,4,4,4,4,4,4,1,1,1,1,1,1,"Associate degree (e.g., AA, AS)",45-54,Man,Caucasian / White
63f8ce3ac324e5c5129d74e5,premade,static,I chose an avatar from a list of existing options.,4,4,3,3,2,4,4,4,4,4,3,2.0,4.0,3.0,3.0,,4,4,4,,4,4,4,3,4,3,4,3,4,4,3,4,3,4,4,4,4,3,3,2,4,4,3,4,4,4,4,4,2,3,1,1,1,1,"Bachelor's degree (e.g., BA, BS)",25-34,Woman,Caucasian / White
6634e0e2300e0d377e2cf876,none,static,No avatar,5,5,1,2,2,5,2,2,4,4,2,,,,,,5,5,5,2.0,4,5,5,4,4,5,5,5,5,5,5,5,4,5,4,5,4,4,4,2,5,5,4,5,5,5,5,4,3,3,2,2,3,2,High school diploma or GED,35-44,Woman,Caucasian / White
66323f16b05df4403391861c,premade,static,I chose an avatar from a list of existing options.,4,4,4,3,2,4,2,3,4,4,4,4.0,4.0,3.0,4.0,,3,4,4,,3,3,2,3,3,4,2,3,3,4,3,3,3,4,4,4,3,2,3,3,4,4,4,4,4,4,4,4,2,3,2,2,2,3,"Bachelor's degree (e.g., BA, BS)",45-54,Woman,Caucasian / White
6632e29a99699a0b259f5cdb,generated,static,I helped create the avatar by writing a text prompt.,4,5,1,1,1,4,3,4,5,5,3,1.0,5.0,5.0,3.0,,2,2,5,,3,1,2,1,4,5,4,1,4,5,3,3,1,4,1,3,1,1,1,1,3,3,4,2,3,4,3,3,3,3,1,1,1,1,"Bachelor's degree (e.g., BA, BS)",25-34,Woman,Caucasian / White
5da6139c002c29001335b5a2,none,static,I don't recall,4,4,2,2,2,4,4,4,4,4,4,,,,,,4,4,4,2.0,4,4,5,5,4,4,4,4,4,4,4,4,5,5,4,4,4,4,4,3,4,4,5,5,5,5,5,4,1,1,1,1,1,1,"Bachelor's degree (e.g., BA, BS)",25-34,Man,Caucasian / White
67a610387d56a92a9e3757a5,none,static,No avatar,2,3,4,4,4,4,3,4,4,4,3,,,,,,4,4,4,3.0,4,3,4,4,4,4,4,3,4,4,3,3,3,4,3,3,3,2,3,3,4,4,4,3,4,4,3,3,1,2,2,2,3,3,"Graduate or professional degree (e.g., Master's, PhD, JD, MD)",55-64,Woman,Caucasian / White
67649b18aaf6f9510d1c5b00,generated,adaptive,I helped create the avatar by writing a text prompt.,4,5,2,2,1,5,4,5,4,5,4,4.0,5.0,4.0,4.0,,4,5,4,,4,5,5,4,4,4,5,4,5,5,4,4,5,4,5,4,5,4,4,4,5,5,4,5,4,4,5,4,1,2,1,1,2,1,"Some college, no degree",18-24,Man,Caucasian / White
671ab0904de8eb7273ae9d42,premade,static,I chose an avatar from a list of existing options.,4,4,2,2,2,4,2,3,4,4,4,5.0,5.0,2.0,2.0,,5,5,5,,5,2,5,4,4,4,4,4,4,4,5,5,3,5,3,4,3,4,4,2,5,5,5,5,5,5,5,5,3,1,1,1,1,1,"Associate degree (e.g., AA, AS)",55-64,Woman,Black or African American
6112d76b0e4c125f011bfb8e,premade,static,I chose an avatar from a list of existing options.,5,5,4,3,2,3,3,4,5,4,4,5.0,5.0,2.0,3.0,,3,4,4,,3,3,3,4,4,4,4,3,3,3,3,4,4,3,3,4,4,3,3,4,3,4,3,3,3,3,3,3,4,5,1,2,2,2,"Associate degree (e.g., AA, AS)",18-24,Woman,Two or more races
610f326ceebada4236a67080,none,static,No avatar,4,5,2,2,2,4,2,4,3,3,2,,,,,,4,5,4,2.0,4,4,5,4,4,3,5,4,4,4,5,4,4,4,5,4,4,4,5,4,4,5,4,4,5,5,5,4,4,3,3,3,4,3,"Graduate or professional degree (e.g., Master's, PhD, JD, MD)",55-64,Man,Caucasian / White
670f9fd0a399d73d5af41902,none,static,No avatar,5,5,5,2,2,4,4,5,5,5,1,,,,,,4,5,5,2.0,4,4,4,4,5,4,5,4,5,5,3,5,4,5,4,5,4,5,4,3,4,4,4,4,5,5,4,4,2,2,1,1,2,1,"Some college, no degree",55-64,Man,Caucasian / White
6710123050faa590f80d96e5,premade,adaptive,I chose an avatar from a list of existing options.,4,4,2,2,2,5,3,3,4,4,3,4.0,4.0,4.0,4.0,,4,4,4,,3,3,4,4,4,4,4,4,4,4,4,4,3,4,3,4,4,2,3,2,3,3,3,3,3,4,4,4,3,3,2,2,2,2,"Bachelor's degree (e.g., BA, BS)",35-44,Woman,Black or African American
663eaf71449fd111b8647d15,none,adaptive,No avatar,4,4,2,2,2,4,4,4,4,4,4,,,,,,4,4,4,2.0,4,4,4,4,4,4,4,4,4,4,4,4,4,4,4,4,4,4,4,2,4,4,4,4,4,4,4,4,3,3,1,1,1,1,"Bachelor's degree (e.g., BA, BS)",25-34,Woman,Caucasian / White
63bc6b49a80cc5496df4c897,generated,static,I helped create the avatar by writing a text prompt.,4,5,2,1,1,5,4,5,4,2,3,3.0,4.0,4.0,2.0,,4,3,4,,4,3,3,3,3,4,4,3,4,5,4,4,3,5,3,4,4,4,3,4,4,4,4,3,4,4,4,4,2,1,1,1,1,1,"Bachelor's degree (e.g., BA, BS)",35-44,Man,Caucasian / White
67effc951ce344a94949e0e7,generated,static,I helped create the avatar by writing a text prompt.,5,5,1,3,2,4,4,5,5,5,5,4.0,4.0,4.0,3.0,,4,4,4,,4,4,4,4,4,4,4,4,4,4,4,4,4,4,4,4,4,4,4,4,5,5,4,5,5,5,5,5,3,3,2,1,1,1,"Graduate or professional degree (e.g., Master's, PhD, JD, MD)",25-34,Woman,Black or African American
66fc2bcdcab83810a0978eea,generated,adaptive,I helped create the avatar by writing a text prompt.,4,5,2,2,3,4,5,5,4,5,4,2.0,4.0,4.0,2.0,,2,2,4,,4,5,4,2,2,4,2,4,5,5,3,4,4,5,4,5,5,3,4,3,5,5,4,5,5,5,5,5,1,2,1,1,2,1,"Bachelor's degree (e.g., BA, BS)",25-34,Man,Caucasian / White
67203bff74dea717e8b9e1ea,premade,static,I chose an avatar from a list of existing options.,4,4,2,2,2,4,3,4,4,4,3,2.0,4.0,2.0,2.0,,4,4,4,,4,4,4,4,4,4,4,3,4,4,4,4,2,4,4,4,3,3,3,2,4,4,4,4,4,4,4,4,3,3,1,1,2,2,"Bachelor's degree (e.g., BA, BS)",35-44,Man,Caucasian / White
67cb01a82dda2577eb6ee320,premade,static,I chose an avatar from a list of existing options.,5,5,1,1,1,5,5,4,4,5,2,5.0,5.0,5.0,5.0,,5,5,5,,4,5,5,5,5,5,5,5,5,5,5,5,5,5,5,5,5,4,4,5,5,5,5,5,5,5,5,5,4,2,1,1,1,1,"Graduate or professional degree (e.g., Master's, PhD, JD, MD)",25-34,Woman,Caucasian / White
6029acb673830e93bcc9230f,premade,adaptive,I chose an avatar from a list of existing options.,4,4,2,2,3,4,4,5,5,3,3,1.0,3.0,3.0,3.0,,4,4,5,,4,4,4,5,5,4,5,3,4,4,3,3,2,5,4,4,3,3,4,1,4,4,4,4,5,5,4,4,2,2,1,1,1,1,"Some college, no degree",65+,Man,Caucasian / White
665cbfcf8534afbb16c06687,premade,adaptive,I chose an avatar from a list of existing options.,2,4,3,3,3,2,2,3,4,4,3,4.0,5.0,4.0,2.0,,4,4,4,,3,4,5,3,4,4,4,3,4,4,4,4,2,5,3,4,4,2,3,4,4,4,5,4,4,4,3,4,2,1,3,2,2,2,High school diploma or GED,65+,Woman,Caucasian / White
663633059d5ba66fc519115a,premade,static,I chose an avatar from a list of existing options.,3,4,2,4,4,4,3,2,3,3,3,3.0,3.0,4.0,3.0,,4,4,4,,3,3,4,4,4,3,4,3,3,3,3,4,3,4,3,3,3,3,4,3,4,4,4,4,4,4,4,4,2,2,3,3,2,2,"Some college, no degree",55-64,Woman,Caucasian / White
664df977e4e6d25d66bf64cb,generated,static,I helped create the avatar by writing a text prompt.,4,5,1,1,1,4,2,4,4,5,2,4.0,5.0,5.0,3.0,,5,5,2,,4,4,5,5,5,5,5,5,5,5,5,4,5,5,5,5,3,5,5,4,5,5,5,5,5,5,5,5,3,3,1,2,1,2,Less than high school,35-44,Woman,Caucasian / White
672a3b3af4fe3ca8478cd6c6,none,adaptive,No avatar,2,2,4,4,2,2,1,2,2,4,2,,,,,,2,4,4,2.0,1,4,2,4,4,5,4,4,4,4,5,4,2,5,4,5,4,1,2,1,4,4,4,3,4,4,4,4,4,4,4,4,4,4,"Some college, no degree",18-24,Non-binary/Other,Caucasian / White
664cf2037353bb98801436b5,generated,adaptive,I helped create the avatar by writing a text prompt.,5,5,1,1,1,4,4,3,5,5,5,4.0,4.0,3.0,2.0,,4,4,4,,3,3,3,4,4,4,4,4,4,4,3,4,3,5,5,5,3,4,3,4,5,5,5,4,5,4,5,4,3,4,1,2,2,1,"Associate degree (e.g., AA, AS)",35-44,Woman,Caucasian / White
669aab18b7f156b93c657214,generated,adaptive,I helped create the avatar by writing a text prompt.,4,4,2,3,2,4,3,3,3,3,3,4.0,4.0,4.0,4.0,,4,4,4,,4,4,4,3,3,4,4,4,4,4,4,4,4,4,4,4,4,3,4,4,4,4,3,4,4,4,4,4,3,3,3,3,3,3,High school diploma or GED,25-34,Woman,Caucasian / White
6624638357b56eb340c8f109,generated,static,I helped create the avatar by writing a text prompt.,5,5,1,3,1,5,2,5,2,4,1,2.0,5.0,5.0,3.0,,5,3,5,,4,4,4,3,3,5,4,4,4,4,5,4,3,5,3,5,3,3,4,4,5,4,5,5,5,5,5,4,5,5,2,4,4,1,High school diploma or GED,55-64,Man,Caucasian / White
5ffb8c5b60571908f3ac19fa,none,static,No avatar,4,4,2,3,2,4,2,4,5,5,4,,,,,,5,4,5,3.0,4,4,4,4,4,5,5,4,4,5,4,4,3,4,5,5,3,4,4,3,5,5,4,5,5,5,5,5,2,2,1,1,3,3,"Associate degree (e.g., AA, AS)",35-44,Man,Caucasian / White
63d156100e702f67d226f892,none,adaptive,No avatar,3,4,2,3,2,3,3,3,3,4,3,,,,,,4,4,4,2.0,3,3,4,3,4,3,4,3,3,3,3,3,2,4,3,3,3,3,3,2,4,3,4,3,4,4,3,3,2,2,1,2,1,1,"Some college, no degree",35-44,Woman,Caucasian / White
62951acd624dba0f4429d988,premade,adaptive,I chose an avatar from a list of existing options.,5,5,1,1,1,5,1,5,5,3,1,1.0,2.0,2.0,1.0,,3,3,5,,3,2,3,3,3,2,4,2,3,4,3,3,1,4,3,3,2,1,1,2,4,4,3,4,4,4,3,3,2,2,1,1,1,1,"Some college, no degree",45-54,Man,Caucasian / White
5eb693937a030e5923b44068,none,static,No avatar,3,5,1,3,1,3,3,3,3,3,4,,,,,,3,3,4,3.0,3,3,3,3,4,3,3,3,4,3,3,3,3,3,3,3,4,3,3,3,3,3,3,3,3,3,4,3,3,3,1,1,1,1,"Bachelor's degree (e.g., BA, BS)",35-44,Man,Caucasian / White
656895b98a551bd79eb47d0c,none,static,No avatar,4,5,2,2,2,4,4,4,5,4,5,,,,,,4,4,5,5.0,4,4,4,2,3,2,4,4,4,4,3,4,3,4,4,4,4,3,2,2,3,4,4,4,4,4,3,2,3,3,2,2,4,4,"Bachelor's degree (e.g., BA, BS)",25-34,Man,Caucasian / White
628f83dc5398c04bac86f9e6,generated,adaptive,I helped create the avatar by writing a text prompt.,4,4,1,2,1,4,4,3,2,4,4,5.0,5.0,4.0,4.0,,4,4,5,,4,5,4,3,4,4,5,5,5,5,4,4,5,5,4,4,5,5,4,3,5,5,5,5,5,5,5,5,2,3,2,3,3,3,"Graduate or professional degree (e.g., Master's, PhD, JD, MD)",35-44,Man,Caucasian / White
67e3f310e2ed4df9e5771e9d,none,static,No avatar,4,5,1,1,1,4,4,4,4,4,3,,,,,,4,4,4,4.0,3,4,3,3,4,4,4,3,4,4,3,4,3,4,4,3,2,2,4,3,4,4,4,4,4,4,4,4,2,2,1,1,1,1,"Graduate or professional degree (e.g., Master's, PhD, JD, MD)",65+,Woman,Black or African American
6095fc75ab1d101e060d808b,generated,adaptive,I helped create the avatar by writing a text prompt.,5,5,1,2,2,4,4,5,5,5,2,4.0,5.0,5.0,3.0,,4,4,5,,3,4,4,4,4,4,5,4,4,5,4,4,4,5,5,5,4,4,4,3,4,4,4,3,5,5,4,4,2,2,1,1,1,1,"Bachelor's degree (e.g., BA, BS)",35-44,Man,Black or African American
5c1b9212bfd9220001a9ada0,generated,adaptive,I helped create the avatar by writing a text prompt.,5,5,1,1,1,5,1,5,5,1,1,1.0,3.0,5.0,1.0,,4,4,5,,1,1,1,3,3,2,4,1,1,3,1,3,1,4,1,3,1,1,1,1,4,4,4,1,4,4,3,3,1,1,1,1,1,1,"Bachelor's degree (e.g., BA, BS)",25-34,Man,Caucasian / White
673e4bb5a72b31d5273da10e,generated,static,I helped create the avatar by writing a text prompt.,5,5,1,2,2,4,4,4,4,4,2,4.0,5.0,5.0,4.0,,5,5,5,,4,5,5,5,5,5,5,4,4,4,5,5,4,4,4,5,5,5,4,4,4,4,4,5,4,4,4,5,4,4,2,2,2,2,"Bachelor's degree (e.g., BA, BS)",35-44,Man,Asian
5cf5ea4dea7a80000156520e,premade,adaptive,I chose an avatar from a list of existing options.,5,5,1,1,1,5,5,5,5,4,4,4.0,5.0,4.0,4.0,,4,5,5,,4,5,5,4,4,5,5,5,4,4,4,5,5,5,4,4,4,4,5,5,5,5,5,5,5,4,4,4,1,1,1,1,1,1,"Bachelor's degree (e.g., BA, BS)",25-34,Man,Caucasian / White
66abc1c82e0fab4f407454a8,none,adaptive,No avatar,5,5,1,2,2,4,5,4,4,5,4,,,,,,5,5,5,4.0,4,4,5,5,5,4,4,5,5,5,5,5,4,4,5,5,5,5,4,4,4,4,5,4,4,4,4,5,2,2,2,2,1,2,"Bachelor's degree (e.g., BA, BS)",35-44,Woman,Hispanic or Latino
67757553ccb7cd2a4385b679,generated,adaptive,I helped create the avatar by writing a text prompt.,4,4,3,4,3,4,4,4,4,4,4,2.0,4.0,4.0,2.0,,4,4,4,,4,3,4,4,4,4,4,3,4,4,3,4,2,4,3,3,4,4,4,3,4,4,4,3,4,4,4,4,2,3,1,1,1,1,"Associate degree (e.g., AA, AS)",55-64,Woman,Caucasian / White
66fceda149718a86f36761b4,none,adaptive,No avatar,3,4,2,3,2,4,2,4,3,3,4,,,,,,4,4,4,4.0,4,4,3,4,4,4,3,3,3,4,4,4,3,4,4,4,4,3,3,3,4,4,4,4,3,4,4,4,3,4,2,2,4,4,High school diploma or GED,25-34,Woman,Caucasian / White
677238baa0f80a990bd5416b,premade,adaptive,I chose an avatar from a list of existing options.,4,3,4,4,4,4,4,2,4,4,4,4.0,3.0,3.0,2.0,,2,3,4,,3,2,1,2,2,2,3,1,2,3,2,3,1,2,2,3,2,1,2,4,2,2,2,2,3,2,2,2,3,2,2,1,3,3,"Bachelor's degree (e.g., BA, BS)",25-34,Woman,Caucasian / White
63bcbccc16e01ccb870f287d,none,adaptive,No avatar,4,5,1,3,2,4,4,5,5,3,2,,,,,,3,4,4,3.0,2,2,3,4,4,3,4,3,5,5,3,4,3,5,4,3,2,2,3,3,5,4,4,5,5,4,3,4,2,2,1,1,2,2,"Bachelor's degree (e.g., BA, BS)",45-54,Man,Caucasian / White
671e4ee2ee4630edd77cfc0c,none,adaptive,No avatar,4,5,2,4,2,5,5,3,4,4,2,,,,,,4,4,4,2.0,2,2,2,3,2,4,4,3,2,4,2,3,1,4,1,1,1,1,1,1,3,3,4,3,4,2,3,4,4,4,2,2,2,2,"Bachelor's degree (e.g., BA, BS)",25-34,Man,Caucasian / White
673ead8d8389b11c02a060e9,generated,adaptive,I helped create the avatar by writing a text prompt.,4,4,2,2,2,5,5,4,4,4,4,2.0,4.0,4.0,3.0,,2,2,4,,4,2,4,2,2,4,4,3,3,3,3,3,2,4,3,4,2,2,2,4,3,3,4,3,3,3,3,3,2,2,1,1,1,1,"Bachelor's degree (e.g., BA, BS)",25-34,Man,Asian
67c585f8e60aec06bb2e7863,none,static,No avatar,5,5,1,1,1,5,4,5,3,5,3,,,,,,4,4,4,2.0,3,3,4,4,4,4,4,4,4,4,4,4,4,4,4,4,4,4,4,3,5,5,4,5,5,5,5,5,4,4,4,4,4,2,"Bachelor's degree (e.g., BA, BS)",55-64,Woman,Caucasian / White
675de3bd64119cef93edfc75,none,static,No avatar,4,4,2,2,2,4,2,3,5,3,2,,,,,,4,4,4,3.0,2,4,2,2,3,2,4,3,4,4,3,4,2,4,4,3,2,2,2,2,4,4,4,4,4,4,3,3,3,3,2,2,1,1,"Associate degree (e.g., AA, AS)",45-54,Man,Caucasian / White
681b1158476c14113b9f2e13,premade,static,I chose an avatar from a list of existing options.,4,4,5,4,3,5,4,3,4,3,2,3.0,4.0,3.0,5.0,,3,4,5,,3,2,2,3,4,4,4,3,4,4,4,5,4,4,3,5,5,3,2,3,3,5,5,3,5,5,3,4,3,3,2,2,2,2,High school diploma or GED,55-64,Man,Multiracial (Two or more races)
6629399343a821d14a29e076,premade,adaptive,I chose an avatar from a list of existing options.,4,4,1,2,1,4,1,2,2,3,2,4.0,4.0,4.0,4.0,,4,4,4,,4,4,4,4,4,4,4,4,4,4,4,4,4,4,4,4,4,4,4,4,4,4,4,4,4,4,4,4,3,3,2,2,2,2,"Associate degree (e.g., AA, AS)",45-54,Woman,Caucasian / White
675f29c1c465ee80225d15e3,premade,adaptive,I chose an avatar from a list of existing options.,4,4,1,2,2,5,4,5,4,4,2,3.0,4.0,4.0,3.0,,4,4,4,,4,3,4,3,3,4,4,3,4,4,4,4,3,4,4,4,4,3,4,3,4,4,4,4,4,4,3,3,3,2,1,2,2,2,"Associate degree (e.g., AA, AS)",45-54,Man,Caucasian / White
67a72a2a346c08cd36e7860a,generated,adaptive,I helped create the avatar by writing a text prompt.,5,5,1,1,1,5,5,5,5,5,3,5.0,5.0,5.0,5.0,,5,5,5,,5,5,5,5,5,5,5,5,5,5,5,5,5,5,5,5,5,5,5,5,5,5,5,5,5,5,5,5,1,1,1,1,1,1,"Bachelor's degree (e.g., BA, BS)",25-34,Woman,Native American or Alaska Native
665cbb56d9ecb20564b9b607,premade,adaptive,I chose an avatar from a list of existing options.,4,4,2,4,2,4,4,5,5,5,4,1.0,5.0,3.0,1.0,,4,3,4,,4,3,2,4,4,3,2,1,1,4,2,3,1,4,1,1,1,1,1,1,5,5,4,2,4,4,3,3,3,3,2,1,1,1,"Some college, no degree",45-54,Woman,Caucasian / White
664e2d4a26686cecdfd660eb,none,static,No avatar,4,4,1,3,1,4,4,4,5,4,4,,,,,,4,4,3,2.0,3,3,2,3,3,4,3,3,3,4,3,3,1,5,3,3,3,1,1,3,4,4,4,3,4,4,3,3,1,1,1,1,1,1,"Graduate or professional degree (e.g., Master's, PhD, JD, MD)",25-34,Man,Two or more races
6632baca722ad82b9522bfcb,premade,adaptive,I chose an avatar from a list of existing options.,3,2,4,5,4,3,1,4,4,3,2,1.0,4.0,2.0,2.0,,3,3,4,,3,3,2,3,4,4,4,1,2,4,1,3,1,4,2,3,1,1,1,1,3,4,4,2,3,3,3,2,3,2,3,3,1,1,"Bachelor's degree (e.g., BA, BS)",18-24,Woman,Asian
66f23f43364a3d1b7b018f27,generated,static,I helped create the avatar by writing a text prompt.,5,5,1,1,1,5,1,5,3,3,1,4.0,4.0,4.0,4.0,,4,4,4,,4,4,4,4,4,4,4,4,4,4,4,4,4,4,4,4,4,4,4,4,4,4,4,4,4,4,4,4,4,4,3,4,2,1,"Some college, no degree",45-54,Woman,Black or African American
5bb58e338f3bd70001e5df57,generated,static,I helped create the avatar by writing a text prompt.,4,4,2,2,2,4,4,2,4,3,2,4.0,4.0,4.0,4.0,,4,4,4,,4,4,4,4,4,4,4,4,4,4,4,4,4,4,4,4,4,4,4,4,4,4,4,4,4,4,4,4,4,3,4,4,4,2,"Some college, no degree",45-54,Man,Caucasian / White
61075af85969d97b256603cc,premade,adaptive,I chose an avatar from a list of existing options.,4,3,4,4,4,4,3,4,4,4,2,3.0,3.0,2.0,3.0,,3,1,3,,2,2,2,2,2,2,2,2,2,2,2,2,2,2,2,2,2,2,2,2,2,2,2,2,2,2,2,2,3,3,1,2,2,2,"Bachelor's degree (e.g., BA, BS)",25-34,Woman,Caucasian / White
60902a60ea3ad589c907fd20,premade,adaptive,I chose an avatar from a list of existing options.,4,2,2,4,3,4,5,4,3,4,3,2.0,4.0,3.0,2.0,,2,3,4,,2,2,3,2,3,3,4,2,2,3,4,3,2,3,2,3,3,1,1,1,3,3,2,2,3,1,2,2,2,1,1,2,3,2,"Bachelor's degree (e.g., BA, BS)",35-44,Man,Caucasian / White
673ab124dd6f6df06b143da0,generated,static,I helped create the avatar by writing a text prompt.,4,4,4,5,5,3,2,4,4,4,4,3.0,3.0,5.0,2.0,,2,2,4,,2,2,2,2,4,3,2,1,3,4,3,3,1,3,3,4,3,2,2,1,4,4,3,2,3,3,2,3,4,3,1,1,2,2,"Associate degree (e.g., AA, AS)",45-54,Woman,Black or African American
5f5967d6e280e61b2db8e55c,generated,adaptive,I helped create the avatar by writing a text prompt.,4,4,2,2,2,4,1,5,2,1,1,1.0,5.0,1.0,2.0,,1,1,5,,2,1,2,1,1,1,1,2,2,4,3,4,1,4,1,3,1,1,2,2,3,3,4,3,4,3,2,2,4,4,1,1,2,1,"Bachelor's degree (e.g., BA, BS)",25-34,Woman,Asian
6691809035e52ca9b2b0f39a,premade,adaptive,I chose an avatar from a list of existing options.,4,4,2,4,2,4,3,2,4,4,3,2.0,3.0,2.0,2.0,,3,4,5,,4,3,4,3,4,4,4,4,4,4,4,4,2,4,2,4,4,4,2,2,4,4,4,3,4,5,4,4,2,2,1,1,1,1,"Associate degree (e.g., AA, AS)",65+,Woman,Two or more races
65577234800b1fea9ae3cf4d,none,adaptive,No avatar,3,3,1,3,1,5,5,3,5,5,1,,,,,,3,4,4,1.0,1,1,1,1,3,4,4,1,1,4,3,4,2,3,3,4,1,1,3,1,3,3,3,3,4,3,3,4,1,1,1,1,1,1,High school diploma or GED,25-34,Man,Black or African American
67e9793b509ebd40efb7f232,none,adaptive,I don't recall,4,4,1,2,2,4,4,4,4,4,4,,,,,,4,4,4,4.0,3,4,4,4,4,4,4,4,4,4,4,4,4,4,4,4,4,4,4,3,4,4,4,4,4,4,4,4,2,1,3,3,3,3,"Graduate or professional degree (e.g., Master's, PhD, JD, MD)",35-44,Man,Caucasian / White
67d933a6939390178799a6b6,none,adaptive,No avatar,5,5,2,3,2,5,5,4,2,3,3,,,,,,5,5,4,5.0,5,4,5,4,5,4,4,4,5,4,4,5,4,4,5,4,5,4,4,5,4,4,5,4,4,5,4,4,3,2,2,3,1,1,"Bachelor's degree (e.g., BA, BS)",25-34,Man,Black or African American
669424e6b661e0a098ec66a4,generated,adaptive,I helped create the avatar by writing a text prompt.,4,4,4,3,2,4,3,4,3,2,2,3.0,4.0,4.0,3.0,,4,4,4,,4,3,4,3,3,3,3,4,4,4,4,4,4,4,4,4,4,4,4,3,4,4,4,4,4,4,4,4,4,4,3,3,3,3,"Bachelor's degree (e.g., BA, BS)",35-44,Man,Caucasian / White
673feeafa80a279f5cc63e33,generated,adaptive,I helped create the avatar by writing a text prompt.,2,3,2,5,4,4,5,4,3,3,4,3.0,4.0,4.0,3.0,,4,4,4,,2,3,4,3,4,4,4,3,4,4,4,4,2,4,4,4,3,2,2,3,4,3,4,2,4,4,3,4,1,1,1,1,2,1,High school diploma or GED,55-64,Woman,Caucasian / White
5c01d3c509e9c70001500b10,premade,adaptive,I chose an avatar from a list of existing options.,4,4,5,2,2,5,3,4,4,4,3,3.0,5.0,4.0,5.0,,4,4,4,,4,4,4,5,5,5,4,3,3,4,4,4,3,4,4,4,4,4,4,3,3,3,2,3,3,4,4,4,3,3,1,1,1,1,"Bachelor's degree (e.g., BA, BS)",35-44,Woman,Prefer not to answer
5f0a686635f72917e94c7a63,generated,static,I helped create the avatar by writing a text prompt.,5,5,2,4,4,5,1,3,5,3,1,3.0,3.0,3.0,2.0,,4,3,5,,3,2,4,2,2,4,3,3,4,3,3,3,3,4,3,3,3,1,1,2,4,4,5,3,4,4,4,4,3,5,2,2,2,2,"Associate degree (e.g., AA, AS)",45-54,Woman,Hispanic or Latino
66fdd6ecd96e23c98cf47a4a,generated,static,I helped create the avatar by writing a text prompt.,4,4,2,3,2,4,3,3,4,2,2,5.0,5.0,5.0,5.0,,4,4,4,,4,3,4,4,4,5,4,3,4,4,3,4,3,4,3,3,3,3,3,2,4,4,4,4,4,4,3,3,2,2,1,1,2,2,"Associate degree (e.g., AA, AS)",35-44,Woman,Caucasian / White
6750a943deb98ec1d9b1893c,premade,adaptive,I chose an avatar from a list of existing options.,4,4,2,4,3,4,4,3,5,5,3,4.0,4.0,1.0,1.0,,4,4,3,,4,3,3,4,4,4,4,3,4,4,4,3,2,4,4,3,4,4,4,2,4,5,4,4,4,4,4,5,1,1,1,1,1,1,"Some college, no degree",45-54,Woman,Black or African American
5c1c2c51e2d9150001b5737e,premade,adaptive,I chose an avatar from a list of existing options.,5,4,4,4,4,5,5,4,5,5,5,4.0,4.0,4.0,2.0,,4,4,4,,4,4,4,4,4,5,4,4,4,4,4,4,4,4,4,4,4,4,4,4,4,4,4,4,5,5,4,4,2,1,1,1,1,1,"Associate degree (e.g., AA, AS)",45-54,Woman,Caucasian / White
6679d2f916fe8e0bccf073b7,none,adaptive,No avatar,5,4,2,3,2,4,5,4,4,4,3,,,,,,4,4,4,2.0,2,3,3,4,4,4,4,3,4,4,3,4,2,4,3,4,2,2,2,2,4,4,4,4,4,4,4,4,2,2,1,1,1,1,"Bachelor's degree (e.g., BA, BS)",25-34,Man,Two or more races
678bc5b43189bf30c2121b6d,premade,static,I chose an avatar from a list of existing options.,5,4,2,2,2,4,4,4,4,4,3,4.0,4.0,4.0,2.0,,4,4,5,,4,4,3,4,5,4,4,4,4,4,4,4,3,4,4,4,4,4,4,4,5,5,5,4,5,5,4,4,1,1,1,1,1,1,High school diploma or GED,18-24,Man,Black or African American
67db97028df2eae13fa41bdd,generated,adaptive,I helped create the avatar by writing a text prompt.,5,5,1,1,1,5,5,5,5,5,3,5.0,5.0,5.0,5.0,,5,5,5,,5,5,5,5,5,5,5,5,5,5,5,5,5,5,5,5,5,5,5,5,5,5,5,5,5,5,5,5,1,1,1,1,1,1,"Bachelor's degree (e.g., BA, BS)",45-54,Man,Caucasian / White
610ccf09b1b0759b2668ded1,premade,static,I chose an avatar from a list of existing options.,4,4,1,3,1,5,3,3,2,3,3,1.0,5.0,1.0,1.0,,4,4,4,,4,4,4,4,4,4,5,3,4,5,4,4,2,5,4,5,5,4,4,3,4,4,4,4,5,5,2,4,4,3,1,1,1,1,"Bachelor's degree (e.g., BA, BS)",45-54,Man,Caucasian / White
669036d23349747de1e78aba,none,adaptive,No avatar,4,4,2,2,2,3,4,4,3,4,3,,,,,,4,5,5,2.0,4,4,4,4,4,3,4,4,4,4,5,4,3,5,4,4,4,4,4,3,4,4,4,4,5,4,4,4,3,3,1,1,2,2,"Associate degree (e.g., AA, AS)",55-64,Woman,Caucasian / White
5ec195df3f2aec276ff0bf33,none,static,No avatar,4,4,4,4,4,4,4,4,4,4,4,,,,,,4,3,4,3.0,3,3,3,3,3,4,3,2,2,3,2,2,2,4,2,2,2,2,2,3,3,3,3,3,4,4,3,4,2,2,1,1,1,1,"Bachelor's degree (e.g., BA, BS)",65+,Woman,Caucasian / White
631c8e97db06f601f81bd82f,premade,static,I chose an avatar from a list of existing options.,4,5,4,4,2,4,5,5,3,4,5,4.0,5.0,4.0,4.0,,5,5,5,,4,5,5,4,4,4,4,5,3,5,5,5,5,4,5,5,4,5,5,4,4,5,5,5,5,5,5,5,3,3,2,1,1,1,"Graduate or professional degree (e.g., Master's, PhD, JD, MD)",25-34,Man,Caucasian / White
67195ce0322d3935df36e8be,premade,adaptive,I chose an avatar from a list of existing options.,4,5,1,2,2,5,1,5,5,2,3,2.0,5.0,4.0,3.0,,4,5,5,,5,4,5,4,4,5,5,5,5,5,5,5,4,5,4,5,4,4,4,3,4,4,4,3,5,5,4,4,3,3,1,1,3,1,"Bachelor's degree (e.g., BA, BS)",35-44,Man,Caucasian / White
67103e4ed56cde03a0f2476b,generated,adaptive,I helped create the avatar by writing a text prompt.,4,5,2,2,2,4,3,4,4,4,2,3.0,4.0,4.0,3.0,,4,5,4,,4,3,4,4,5,4,4,3,3,4,4,4,3,5,4,4,3,2,2,3,5,4,4,4,5,4,4,4,4,4,2,2,3,3,"Some college, no degree",25-34,Woman,Two or more races
67d33ac3be767e40587d85b6,none,static,No avatar,5,5,2,2,2,5,5,5,5,5,4,,,,,,4,4,5,4.0,5,5,5,4,4,4,5,4,4,4,5,4,4,4,5,5,5,5,5,2,5,5,5,5,5,5,5,5,3,2,4,2,2,1,"Bachelor's degree (e.g., BA, BS)",18-24,Woman,Black or African American
67363452674f3db8059e7888,none,static,No avatar,5,5,2,2,2,5,5,3,4,4,3,,,,,,5,5,5,4.0,4,4,5,5,4,5,4,4,4,5,4,5,4,5,3,4,4,4,4,3,5,5,4,5,5,4,4,3,3,2,1,1,2,1,"Some college, no degree",45-54,Man,Caucasian / White
5c1021a547d07800011a23de,generated,static,I helped create the avatar by writing a text prompt.,2,4,2,3,2,4,2,4,4,4,2,2.0,4.0,2.0,3.0,,4,4,4,,4,4,4,2,4,4,4,3,4,4,4,4,2,4,4,4,4,2,2,2,4,4,4,3,4,4,4,4,1,1,1,1,1,1,High school diploma or GED,65+,Woman,Caucasian / White
6637b21240220c2517fffa1a,generated,static,I helped create the avatar by writing a text prompt.,4,5,1,2,1,4,3,2,3,5,4,2.0,3.0,4.0,3.0,,4,5,5,,4,4,5,4,4,5,5,4,5,5,4,4,4,5,4,4,5,5,5,2,5,5,5,5,5,4,5,5,3,4,2,2,3,3,"Some college, no degree",55-64,Woman,Caucasian / White
647c65c5acb91c89819c7970,none,static,No avatar,5,5,1,2,1,5,4,4,5,4,4,,,,,,4,5,5,2.0,5,4,5,4,5,5,5,4,5,5,5,5,4,5,5,5,5,4,4,1,5,5,4,5,5,5,5,5,4,3,3,2,1,1,High school diploma or GED,55-64,Man,Caucasian / White
6750c1f9beef487bf5b58069,generated,static,I helped create the avatar by writing a text prompt.,4,5,2,2,2,4,5,4,4,4,4,4.0,5.0,4.0,4.0,,5,4,4,,4,4,5,4,4,4,5,4,4,5,4,5,2,5,4,4,4,2,2,4,4,5,5,5,5,4,4,4,2,1,1,1,1,1,"Bachelor's degree (e.g., BA, BS)",35-44,Man,Hispanic or Latino
674bea1eb044fbe75795fef1,none,static,No avatar,4,4,2,3,2,4,3,4,4,4,4,,,,,,4,3,5,2.0,3,4,4,5,5,3,5,2,4,5,4,4,1,4,4,4,4,4,4,3,4,2,4,3,4,5,3,4,2,1,2,1,3,2,"Bachelor's degree (e.g., BA, BS)",45-54,Woman,Caucasian / White
66e641a57e7f41866f9e705f,premade,adaptive,I chose an avatar from a list of existing options.,4,4,3,3,3,4,4,5,3,4,3,3.0,4.0,4.0,3.0,,4,3,4,,3,3,3,4,4,3,4,3,4,4,4,3,3,4,3,4,3,2,2,3,3,4,3,3,4,4,4,4,2,2,1,1,2,2,"Bachelor's degree (e.g., BA, BS)",25-34,Man,Caucasian / White
675a2ef45fbe0cc52b8403ae,none,adaptive,No avatar,4,5,1,2,1,5,4,4,4,4,4,,,,,,5,5,5,3.0,5,4,5,5,5,5,5,5,5,5,5,5,5,5,5,5,5,5,5,4,5,5,5,5,5,5,5,5,2,2,2,2,1,1,"Bachelor's degree (e.g., BA, BS)",45-54,Woman,Black or African American
67ef6e8e9bfc15c060497365,generated,static,I helped create the avatar by writing a text prompt.,5,5,1,1,1,5,5,5,5,5,4,5.0,5.0,5.0,5.0,,5,4,5,,3,5,4,5,5,4,5,4,4,4,5,5,4,5,4,5,4,3,4,5,5,5,4,5,4,4,5,5,1,1,1,1,1,1,"Graduate or professional degree (e.g., Master's, PhD, JD, MD)",45-54,Man,Caucasian / White
67e1339d0db0822cd68b0104,none,adaptive,No avatar,5,4,2,2,1,5,4,4,5,4,5,,,,,,5,4,5,4.0,4,5,4,4,5,4,5,4,4,5,4,5,5,4,5,4,5,4,5,4,5,5,4,5,5,4,5,4,2,3,2,1,2,1,"Graduate or professional degree (e.g., Master's, PhD, JD, MD)",45-54,Man,Caucasian / White
67e4c4b8c49f4b9a84e4c155,generated,static,I helped create the avatar by writing a text prompt.,5,4,2,3,2,5,4,5,4,4,3,5.0,5.0,4.0,3.0,,5,4,4,,4,3,4,4,4,4,4,4,5,4,4,4,4,5,4,4,4,4,4,4,5,5,4,4,4,4,4,4,3,2,1,1,1,1,"Bachelor's degree (e.g., BA, BS)",18-24,Woman,Caucasian / White
66a48261758e59c5f2dd8ceb,premade,adaptive,I chose an avatar from a list of existing options.,5,4,2,3,2,4,3,4,4,4,4,2.0,3.0,2.0,1.0,,2,2,4,,2,2,2,2,2,2,2,1,1,1,1,1,1,1,1,2,1,1,1,1,4,4,4,4,4,2,3,2,2,2,1,1,4,2,High school diploma or GED,18-24,Man,Caucasian / White
5da8edc60f9c9c0017526948,generated,adaptive,I helped create the avatar by writing a text prompt.,4,4,2,4,2,4,3,4,2,2,3,1.0,4.0,2.0,2.0,,4,4,4,,3,4,4,3,3,2,4,3,4,4,3,4,2,4,2,4,4,2,2,3,4,4,4,2,3,4,2,3,2,2,1,2,1,1,"Associate degree (e.g., AA, AS)",35-44,Man,Asian
67eaf7ac600979b62eedb17c,generated,adaptive,I helped create the avatar by writing a text prompt.,3,5,3,3,3,3,3,2,2,3,3,2.0,2.0,3.0,4.0,,3,3,3,,2,3,4,2,4,4,4,4,4,5,2,4,3,4,4,4,4,4,4,4,4,4,4,4,4,4,3,4,3,3,2,2,2,2,"Graduate or professional degree (e.g., Master's, PhD, JD, MD)",65+,Woman,Caucasian / White
5f9fdfd04296cb0102563f84,generated,static,I helped create the avatar by writing a text prompt.,4,4,2,3,2,4,1,5,4,4,3,3.0,4.0,4.0,2.0,,4,3,4,,3,4,2,3,4,3,3,3,4,3,3,4,2,4,4,4,3,2,2,3,4,3,3,3,4,4,3,3,3,3,2,2,3,2,"Some college, no degree",35-44,Man,Caucasian / White
67e9f5c8972a4be47457bbe1,generated,static,I helped create the avatar by writing a text prompt.,4,4,4,2,2,5,4,4,4,4,4,3.0,4.0,5.0,3.0,,5,4,5,,5,4,4,4,4,4,5,4,4,5,4,4,4,5,4,5,4,4,4,4,5,5,4,4,5,5,4,5,1,1,1,1,1,1,"Bachelor's degree (e.g., BA, BS)",35-44,Man,Caucasian / White
67062295123561f8241f65fc,premade,static,I chose an avatar from a list of existing options.,5,4,2,3,2,4,3,3,4,5,3,2.0,4.0,3.0,1.0,,4,3,4,,2,2,2,2,3,4,3,2,3,4,2,3,2,5,3,2,2,1,2,2,4,4,3,3,4,4,3,3,4,3,2,2,4,4,High school diploma or GED,25-34,Man,Caucasian / White
662bf98a6f25e5ccdce46ebc,none,static,No avatar,4,4,3,3,3,4,4,5,4,4,4,,,,,,4,4,4,3.0,4,4,4,4,4,4,4,4,4,4,4,4,4,4,4,4,4,3,4,3,4,4,4,4,4,4,4,4,1,1,1,1,1,1,"Bachelor's degree (e.g., BA, BS)",65+,Woman,Caucasian / White
668dc66f629802c9570027e6,premade,static,I chose an avatar from a list of existing options.,4,4,5,5,2,4,3,5,4,4,3,5.0,5.0,2.0,2.0,,5,5,5,,5,5,5,3,5,4,5,3,5,5,5,5,2,5,5,5,5,5,5,5,5,5,5,5,5,5,5,5,5,4,3,4,2,3,Less than high school,18-24,Man,Caucasian / White
669a92a7634bd2faf6fec077,premade,static,I chose an avatar from a list of existing options.,2,2,4,4,4,4,4,2,4,5,4,4.0,4.0,2.0,2.0,,3,4,4,,4,4,4,4,4,4,4,3,4,4,4,4,2,2,5,4,4,4,4,2,4,4,4,3,4,4,4,4,3,3,2,2,2,3,High school diploma or GED,55-64,Woman,Caucasian / White
67722f8e3a4f08a288a1f640,premade,static,I chose an avatar from a list of existing options.,4,4,3,3,4,4,2,2,2,4,4,2.0,4.0,1.0,2.0,,4,2,4,,4,2,2,2,4,4,4,3,4,4,4,4,2,4,2,4,2,1,1,2,4,3,2,2,4,4,2,3,4,3,4,4,3,3,"Some college, no degree",55-64,Woman,Caucasian / White
675e0021fb5b64314d65aee9,none,adaptive,No avatar,4,4,2,2,3,4,4,3,4,4,1,,,,,,4,4,4,2.0,5,4,4,4,4,4,4,4,4,4,4,4,4,4,4,4,4,4,4,3,4,4,4,3,4,4,4,4,3,2,2,2,1,2,"Associate degree (e.g., AA, AS)",45-54,Man,Caucasian / White
59f22a9fd6380600018b2929,premade,adaptive,I chose an avatar from a list of existing options.,5,4,2,3,3,5,2,4,4,5,2,1.0,5.0,2.0,1.0,,5,5,5,,3,2,4,4,4,5,5,5,5,5,5,3,2,5,3,3,2,2,2,2,5,5,5,5,5,5,5,5,3,3,1,1,1,1,"Bachelor's degree (e.g., BA, BS)",25-34,Woman,Caucasian / White
67c9a591ee61ca04b1eddb65,premade,adaptive,I chose an avatar from a list of existing options.,3,3,3,3,2,3,3,2,2,2,2,4.0,2.0,4.0,4.0,,3,3,3,,4,3,4,4,4,3,4,4,4,4,4,4,4,4,4,4,4,4,2,2,4,4,3,3,4,4,4,4,4,3,2,3,3,3,"Graduate or professional degree (e.g., Master's, PhD, JD, MD)",35-44,Man,Caucasian / White
