participant_id,theme_1,theme_2
665ba6320399db768cb43621,Other,
67d75f1ff8a898b755874144,Abstract Traits,Helper/Companion
67c35bed28161edad1829850,Abstract Traits,Animal
64014527b3cff9215591758d,Animal,
65c017a404cde4687fdad22e,Animal,
67ed9a4fd30cf704f5245138,Abstract Traits,Idealized Self
664c4e829445321c23a8de52,Animal,
6735170efd3f52b12d5a9018,Idealized Self,
6735170efd3f52b12d5a9018,Idealized Self,
6735170efd3f52b12d5a9018,Idealized Self,
677aefb67112f646f3fc77f6,Idealized Self,
67ca186a24b457bfdaaf46cb,Abstract Traits,
66edfd0393a07105ff1c86a2,Abstract Traits,
66edfd0393a07105ff1c86a2,Abstract Traits,Animal
66edfd0393a07105ff1c86a2,Helper/Companion,
66edfd0393a07105ff1c86a2,Helper/Companion,Animal
66edfd0393a07105ff1c86a2,Other,
673cfddc2603281edb50447e,Animal,
66083cd0a45e1ce399e6a85f,Other,
5d75c56a52c89d0017df611c,Fantasy/Other,Animal
630a8feaa8eef385f72dc1a5,Abstract Traits,Idealized Self
66c76908f3f9290934eaed01,Animal,
66982fb77c869332de7e5261,Animal,
66982fb77c869332de7e5261,Animal,
67ca44c542a5ebd3baf7d5e1,Idealized Self,
6685cec5c360283099e5bb29,Abstract Traits,Animal
6685cec5c360283099e5bb29,Abstract Traits,Animal
614e0468bbbac16be38fa13f,Fantasy/Other,Animal
6632e29a99699a0b259f5cdb,Abstract Traits,Animal
67649b18aaf6f9510d1c5b00,Abstract Traits,Animal
63bc6b49a80cc5496df4c897,Other,
67effc951ce344a94949e0e7,Animal,
66fc2bcdcab83810a0978eea,Abstract Traits,Idealized Self
664df977e4e6d25d66bf64cb,Animal,
664cf2037353bb98801436b5,Idealized Self,Helper/Companion
664cf2037353bb98801436b5,Animal,
669aab18b7f156b93c657214,Fantasy/Other,
6624638357b56eb340c8f109,Abstract Traits,Animal
628f83dc5398c04bac86f9e6,Abstract Traits,Animal
6095fc75ab1d101e060d808b,Animal,
5c1b9212bfd9220001a9ada0,Animal,
673e4bb5a72b31d5273da10e,Animal,
67757553ccb7cd2a4385b679,Animal,
673ead8d8389b11c02a060e9,Animal,
67a72a2a346c08cd36e7860a,Abstract Traits,
66f23f43364a3d1b7b018f27,Animal,
5bb58e338f3bd70001e5df57,Animal,
5bb58e338f3bd70001e5df57,Animal,
673ab124dd6f6df06b143da0,Idealized Self,
5f5967d6e280e61b2db8e55c,Other,
669424e6b661e0a098ec66a4,Abstract Traits,Idealized Self
673feeafa80a279f5cc63e33,Abstract Traits,Idealized Self
5f0a686635f72917e94c7a63,Fantasy/Other,Animal
66fdd6ecd96e23c98cf47a4a,Fantasy/Other,
66fdd6ecd96e23c98cf47a4a,Fantasy/Other,
67db97028df2eae13fa41bdd,Other,
67103e4ed56cde03a0f2476b,Animal,
5c1021a547d07800011a23de,Animal,
6637b21240220c2517fffa1a,Abstract Traits,Animal
6750c1f9beef487bf5b58069,Animal,
67ef6e8e9bfc15c060497365,Abstract Traits,Animal
67e4c4b8c49f4b9a84e4c155,Other,
5da8edc60f9c9c0017526948,Idealized Self,Animal
5da8edc60f9c9c0017526948,Animal,
5da8edc60f9c9c0017526948,Animal,
67eaf7ac600979b62eedb17c,Other,
5f9fdfd04296cb0102563f84,Abstract Traits,Animal
5f9fdfd04296cb0102563f84,Fantasy/Other,
5f9fdfd04296cb0102563f84,Fantasy/Other,
67e9f5c8972a4be47457bbe1,Animal,
